day,wd,T1,T2,T3,T4,T5,T6,T7,T8,T9,T10,energy,peak_power,peak_duration,peak_intensity,is_peak,activity
2018-06-01,5,16.8,15.96,15.81,15.48,15.32,18.27,22.62,24.72,25.54,26.43,25235.6,1473.6,0,0,FALSE,0.6
2018-06-02,6,14.81,14.35,13.62,13.31,13.53,18.24,21.04,24.39,27,27.34,21944.8,1140.8,0,0,FALSE,0.01
2018-06-03,7,14.74,14.65,14.28,13.89,13.65,18.47,21.62,24.64,26.16,26.64,21521.6,1097.6,0,0,FALSE,0.1
2018-06-04,1,14.75,13.93,13.49,13.13,13.51,19.29,22.03,25.57,27.6,28.62,25397.6,1467.2,0,0,FALSE,1
2018-06-05,2,16.86,17.44,16.75,15.83,15.37,18.04,21.21,25.59,25.18,26.89,24474.8,1494.4,0,0,FALSE,1
2018-06-06,3,14.04,13.5,13.31,12.99,12.53,17.89,20.65,24.64,25.99,26.61,24564.8,1398.4,0,0,FALSE,1
2018-06-07,4,16.09,15.78,15.48,14.91,15.17,17.82,20.62,24.27,25.86,26.67,24866,1473.6,0,0,FALSE,1
2018-06-08,5,15.95,15.23,15.29,15.83,15.68,17.9,19.53,17.84,17.18,19.03,24479.2,1390.4,0,0,FALSE,0.6
2018-06-09,6,17.98,18.21,17.96,18.11,17.14,18.04,19.96,21.12,23.59,25.36,21765.6,1139.2,0,0,FALSE,0.1
2018-06-10,7,17.14,16.12,15.4,14.76,14.79,19.99,22.79,26.46,27.8,28.28,22118.8,1158.4,0,0,FALSE,0.1
2018-06-11,1,17.5,17.17,16.94,16.58,17.28,19.2,23.33,25.45,26.78,27.74,27199.2,1547.2,8,8.161,TRUE,1
2018-06-12,2,18.22,17.54,16.88,16.87,17.14,19.52,24.03,26.82,28.78,30.25,26543.2,1580.8,7,7.162,TRUE,1
2018-06-13,3,16.93,17.84,18.23,18.3,18.02,19.2,21.84,23.05,20.87,18.34,24532.4,1361.6,0,0,FALSE,1
2018-06-14,4,17.89,17.97,17.55,17.41,17.39,17.4,17.98,19.17,19.43,20.32,23696.8,1334.4,0,0,FALSE,1
2018-06-15,5,17.1,16.84,16.59,16.56,16.49,16.6,17.31,19.12,20.23,21.8,23384,1270.4,0,0,FALSE,0.6
2018-06-16,6,18.82,18.5,17.75,16.37,17.02,19.1,20.11,21.83,23.31,25.25,22652,1204.8,0,0,FALSE,0.1
2018-06-17,7,19.11,18.77,18.04,17.16,17.39,21,22.35,24.36,26,26.4,21821.6,1081.6,0,0,FALSE,0.1
2018-06-18,1,17.71,17.98,17.47,18.02,17.48,20.86,21.76,24.19,27.55,29.24,25552.8,1464,0,0,FALSE,1
2018-06-19,2,19.76,19.82,19.32,18.93,18.87,22.4,22.54,23.76,25.43,27.11,26291.6,1464,0,0,FALSE,1
2018-06-20,3,20.79,20.79,21.02,20.25,20.42,23.29,23.26,24.06,25.79,26.61,26337.6,1484.8,0,0,FALSE,1
2018-06-21,4,17.26,16.86,16.58,16.32,16.41,22.65,24.97,27.2,28.34,29.1,26325.2,1504,1,1.003,TRUE,1
2018-06-22,5,20.82,20.38,19.1,17.83,17.72,17.78,18.07,17.62,17.22,15.73,22806.4,1212.8,0,0,FALSE,0.6
2018-06-23,6,12.29,11.68,11.24,11.13,11.91,14.95,16.05,17.56,19.33,21.46,19764,963.2,0,0,FALSE,0.1
2018-06-24,7,13.1,14.08,13.75,14.57,14.35,14.74,16.79,19.51,22.85,24.22,19305.6,942.4,0,0,FALSE,0.1
2018-06-25,1,15.77,14.86,14.95,15.59,15.64,14.36,13.76,13.62,13.88,14.12,22338.8,1196.8,0,0,FALSE,1
2018-06-26,2,14.62,14.26,13.67,13.21,14.23,16.84,17.54,18.76,20.28,22.15,23386.4,1347.2,0,0,FALSE,1
2018-06-27,3,16.92,16.5,16.05,15.43,15.86,18.98,19.26,20.09,21.38,23.42,23772.4,1348.8,0,0,FALSE,1
2018-06-28,4,15.54,15.32,15.88,15.5,15.45,15.43,16.26,17.75,19.09,22.35,23458.4,1302.4,0,0,FALSE,1
2018-06-29,5,15.57,14.15,13.52,14.09,14.66,16.86,20.04,21.82,23.26,24.33,24050.4,1355.2,0,0,FALSE,0.6
2018-06-30,6,16.8,16.42,16.08,17.27,17.29,20.78,22.45,24.48,28.39,29.54,22487.6,1156.8,0,0,FALSE,0.1
2018-07-01,7,20.51,17.27,17.22,16.51,14.67,14.96,15.73,16.75,17.91,18.86,19408,964.8,0,0,FALSE,0.1
2018-07-02,1,18.66,18.42,18.32,17.91,18.14,18.59,18.67,20.21,23.27,25.54,23951.2,1368,0,0,FALSE,0.7
2018-07-03,2,19.88,19.69,19.29,19.62,19.5,20,21.92,24.28,25.68,28.37,25667.2,1491.2,0,0,FALSE,0.7
2018-07-04,3,20.6,20.05,19.77,18.93,17.89,20.37,23.73,25.26,26.33,27.88,25836,1475.2,0,0,FALSE,0.7
2018-07-05,4,17.61,17.02,16.41,15.94,15.95,20.26,22.87,26.86,28.23,29.26,25980.8,1496,0,0,FALSE,0.7
2018-07-06,5,17.23,16.81,17.02,16.15,15.13,18.23,20.95,23.75,24.72,26.71,23300.8,1363.2,0,0,FALSE,0.42
2018-07-07,6,17.19,16.96,16.76,16.44,16.55,17.95,20.58,23.71,26.23,28.32,20777.6,1032,0,0,FALSE,0.1
2018-07-08,7,17.52,16.87,16.77,16.09,15.64,19.83,22.07,24.4,27.33,27.22,19930,1006.4,0,0,FALSE,0.1
2018-07-09,1,15.59,15.17,15.17,15.13,15.46,17.71,21.69,23.17,24.77,27.03,24058,1334.4,0,0,FALSE,0.7
2018-07-10,2,16.68,16,15.05,14.48,14.09,18.32,21.26,24.42,26.71,28.87,25276,1444.8,0,0,FALSE,0.7
2018-07-11,3,18.38,17.99,17.53,16.86,16.53,17.07,16.96,17.17,17.33,17.72,23527.2,1304,0,0,FALSE,0.7
2018-07-12,4,17.56,17.3,17.26,17.07,17.02,17.6,20.21,21.81,22.78,25.23,24804.4,1385.6,0,0,FALSE,0.7
2018-07-13,5,18.95,18.52,18.49,18.09,18.36,19.43,20,19.86,20.21,22.59,25220.4,1401.6,0,0,FALSE,0.42
2018-07-14,6,17.65,17.43,17.66,18.24,18.23,18.93,23.62,27.19,28.58,29.94,22744.4,1204.8,0,0,FALSE,0.1
2018-07-15,7,21.69,20.88,20.78,21.13,21.16,21.03,20.46,20.65,21.59,23.4,21939.2,1118.4,0,0,FALSE,0.1
2018-07-16,1,20.11,19.52,17.81,19.37,19.6,19.28,20.96,24.42,26.4,27.11,25402,1478.4,0,0,FALSE,0.7
2018-07-17,2,18.62,18.71,18.43,18,17.7,20.49,22.46,24.02,26.35,27.36,25519.6,1502.4,1,1.002,TRUE,0.7
2018-07-18,3,16.29,15.95,15.54,15.05,14.83,18.22,21.69,25.39,27.15,29.02,26534.4,1484.8,0,0,FALSE,0.7
2018-07-19,4,16.7,16.01,15.38,14.88,14.73,18.64,22.33,26.21,29.97,32.03,27097.6,1520,7,7.052,TRUE,0.7
2018-07-20,5,17.48,17.25,16.37,15.93,15.82,19.15,22.87,27.03,30.38,30.83,27149.2,1544,9,9.129,TRUE,0.42
2018-07-21,6,18.36,17.67,17.69,17.94,17.52,19.39,22.62,25.88,28.28,28.01,23580.8,1192,0,0,FALSE,0.1
2018-07-22,7,19.12,18.96,17.93,16.68,15.83,17.45,21.53,24.33,26.83,27.38,22484.8,1163.2,0,0,FALSE,0.1
2018-07-23,1,19.97,19.12,18.77,18.9,18.22,18.82,20.42,22.48,22.75,24.12,25496,1428.8,0,0,FALSE,0.7
2018-07-24,2,16.6,15.17,14.72,14.79,14.85,18.3,22.4,25.58,28.1,30.15,26508.4,1483.2,0,0,FALSE,0.7
2018-07-25,3,19.53,18.82,18.26,17.42,16.63,19.15,22.97,26.57,29.51,31.49,27545.6,1548.8,4,4.102,TRUE,0.7
2018-07-26,4,21.01,22.33,22.58,21.89,21.7,22.86,24.11,26.02,27.8,28.81,26195.6,1529.6,3,3.049,TRUE,0.7
2018-07-27,5,20.91,20.64,20.06,20.04,20.22,21.11,23.55,25.33,26.56,28.54,25265.6,1452.8,0,0,FALSE,0.42
2018-07-28,6,17.32,16.96,16.41,16.02,15.66,16.99,21.57,26.5,28.94,29.85,23742.8,1244.8,0,0,FALSE,0.1
2018-07-29,7,20.24,19.57,19.12,18.38,18.01,20.02,22.9,27.34,30.35,31.39,24822,1334.4,0,0,FALSE,0.1
2018-07-30,1,19.73,19.35,19.32,19.3,19.15,21.54,25.64,28.52,30.58,32.44,29791.2,1696,27,29.057,TRUE,0.7
2018-07-31,2,26.92,26.06,24.12,23.21,23.7,24.41,26.68,28.38,30.67,33.15,30040.4,1697.6,25,26.533,TRUE,0.7
2018-08-01,3,23.15,23.31,22.84,21.72,20.25,21.39,25.87,29.11,32.62,33.7,30184.8,1771.2,28,31.15,TRUE,0.4
2018-08-02,4,26.36,25.47,25.18,25.03,24.82,25.39,26.55,27.66,28.42,30.77,29795.6,1646.4,24,25.11,TRUE,0.4
2018-08-03,5,22.52,22.17,22.48,23.02,23.2,23.67,23.51,24.31,25.88,27.12,30526.4,1643.2,26,27.273,TRUE,0.24
2018-08-04,6,23.23,23.34,23.19,22.58,22.12,23.02,25.82,26.91,28.59,30.35,27572.8,1352,0,0,FALSE,0.1
2018-08-05,7,23.64,24.44,23.91,22.25,21.61,22.36,24.67,26.35,29.08,31.64,26223.6,1358.4,0,0,FALSE,0.1
2018-08-06,1,25.98,25.83,25.4,24.78,23.63,22.95,25.15,28.84,30.75,33.41,29830,1628.8,24,25.068,TRUE,0.4
2018-08-07,2,21,20.24,19.54,18.9,18.5,19.42,24,28.28,32.33,33.66,29422.4,1684.8,23,24.655,TRUE,0.4
2018-08-08,3,19.26,17.96,17.81,17.36,17.38,18.66,22.46,27,31.11,31.44,29248,1560,13,13.236,TRUE,0.4
2018-08-09,4,20.35,19.77,19.21,18.47,17.62,18.43,22.94,27.84,30.08,31.91,30049.2,1646.4,26,27.326,TRUE,0.4
2018-08-10,5,20.54,20.36,19.75,19.48,18.88,19.91,23.53,27.44,29.02,30.73,28365.2,1542.4,9,9.139,TRUE,0.24
2018-08-11,6,19.1,18.7,20.1,22.13,21.59,21.65,23.42,24.96,26.29,27.87,8733.6,944,0,0,FALSE,0.01
2018-08-12,7,21.61,21.42,21.26,21.13,21.13,21.44,22.65,24,25.86,27.54,22210.4,1161.6,0,0,FALSE,0.01
2018-08-13,1,18.11,17.41,16.78,16.19,15.86,16.87,21.52,25.17,28,28.62,25855.6,1404.8,0,0,FALSE,0.04
2018-08-14,2,19.28,19.45,18.84,18.31,18.36,18.51,19.22,20.01,22.08,25.59,24228.8,1388.8,0,0,FALSE,0.04
2018-08-15,3,17.44,17.47,18.01,18.45,18.43,18.76,19.23,20.36,23.26,27.1,22023.2,1144,0,0,FALSE,0.04
2018-08-16,4,21.19,20.72,19.99,20.04,19.87,20.53,22.11,23.42,25.12,26.8,24349.6,1352,0,0,FALSE,0.04
2018-08-17,5,19.1,18.57,18.83,19.22,18.61,19.28,21.69,23.57,25.72,28.19,24539.2,1374.4,0,0,FALSE,0.02
2018-08-18,6,18.68,18.96,20.85,19.75,20.1,20.23,20.98,23.93,26.98,29.27,23870.4,1246.4,0,0,FALSE,0.01
2018-08-19,7,21.24,21.88,22.28,21.75,21.57,21.71,23.22,25.2,27.13,29.08,23773.6,1208,0,0,FALSE,0.01
2018-08-20,1,21.84,21.01,21.21,21.01,20.04,21.02,23.63,25.67,28.35,30.44,27781.2,1574.4,12,12.329,TRUE,0.4
2018-08-21,2,21.33,22.16,20.9,20.94,20.56,22.39,23.69,26.51,28.85,30.92,27360.8,1560,10,10.179,TRUE,0.4
2018-08-22,3,22.82,21.81,22.81,22.88,22.87,22.79,23.9,26.05,28.44,30.21,28387.2,1601.6,11,11.261,TRUE,0.4
2018-08-23,4,22.84,22.37,21.43,20.81,20.53,21.1,23.99,26.56,28.74,31.44,27971.2,1556.8,9,9.126,TRUE,0.4
2018-08-24,5,19.13,18.51,17.87,17.25,17.05,17.4,20.02,24.38,29.01,30.79,26513.6,1617.6,21,21.561,TRUE,0.24
2018-08-25,6,18.21,18.27,18.21,18.08,19.01,19.03,19.63,20.2,17.5,17.8,21424.4,1292.8,0,0,FALSE,0.1
2018-08-26,7,18.12,18.06,16.59,14.26,14.55,14.63,14.55,12.36,11.43,11.28,18832.8,883.2,0,0,FALSE,0.1
2018-08-27,1,13.92,13.91,13.49,13.58,13.68,13.87,14.96,16.56,18.28,20.32,21892.8,1249.6,0,0,FALSE,0.4
2018-08-28,2,16.9,16.92,16.89,16.5,16.66,17.11,18.42,20.3,23.52,26.3,24816.4,1430.4,0,0,FALSE,0.4
2018-08-29,3,19.55,20.94,20.51,20.19,19.88,20.19,20.81,22.15,24,26.62,25099.6,1492.8,0,0,FALSE,0.4
2018-08-30,4,15.26,14.73,14.26,13.92,13.59,13.63,15.88,20.23,25.5,28.68,25131.2,1513.6,1,1.009,TRUE,0.4
2018-08-31,5,20.14,20.67,20.72,20.79,20.16,19.65,20.14,20.99,22.74,24.53,24031.6,1392,0,0,FALSE,0.24
2018-09-01,6,17.71,17.28,17.63,18.2,18.13,18.31,17.77,17.36,18.13,18.23,19770.8,955.2,0,0,FALSE,0.1
2018-09-02,7,15.63,14.95,14.62,14.79,15.38,16.19,17.01,17.96,19.76,22.6,19560.4,982.4,0,0,FALSE,0.1
2018-09-03,1,18.14,17.76,17.32,17.59,17.58,16.99,17.16,18.85,20.8,22.96,23241.6,1305.6,0,0,FALSE,1
2018-09-04,2,14.95,14.92,15.23,15.59,15.03,14.3,14.79,17.23,21.49,22.18,23432,1316.8,0,0,FALSE,1
2018-09-05,3,13.29,13.67,13.86,13.23,13.07,13.52,15.1,18.6,22.29,24.23,24762,1400,0,0,FALSE,1
2018-09-06,4,16.65,16.15,15.52,15.19,15.68,15.75,16.59,18.8,22.15,25.67,24497.6,1396.8,0,0,FALSE,1
2018-09-07,5,13.91,13.44,13.28,12.98,13.28,13.4,15.12,20,23.63,22.82,23330.8,1304,0,0,FALSE,0.6
2018-09-08,6,17.72,18.31,18.68,18.76,18.96,17.81,18.41,19.9,21.98,24.18,20707.2,1035.2,0,0,FALSE,0.1
2018-09-09,7,16.9,17.12,16.29,16.13,15.84,14.92,15.82,20.06,24.39,27.14,20827.6,1043.2,0,0,FALSE,0.1
2018-09-10,1,15.1,14.94,14.99,15.4,14.83,14.55,15.17,20.09,24.89,27.93,25232.4,1481.6,0,0,FALSE,1
2018-09-11,2,15.05,15.07,14.98,14.56,14.37,14.41,15.98,21.07,25.99,27.82,25860.8,1467.2,0,0,FALSE,1
2018-09-12,3,14.64,14.09,13.57,13.35,13.15,13.16,14.19,17.06,23.5,27.92,25698.4,1448,0,0,FALSE,1
2018-09-13,4,15.02,14.61,14.61,14.54,14.33,14.39,16.46,20.67,23.53,27.35,25869.6,1460.8,0,0,FALSE,1
2018-09-14,5,16.24,15.78,15.72,15.94,16.26,18.3,19.42,20.42,24.02,27.22,25457.6,1393.6,0,0,FALSE,0.6
2018-09-15,6,19.93,19.21,19.21,18.99,19.1,18.59,19.6,21.71,22.7,24.39,21797.2,1062.4,0,0,FALSE,0.1
2018-09-16,7,18.55,18.31,18.33,17.85,18.16,17.32,18.13,21.3,24.48,26.38,21212,1076.8,0,0,FALSE,0.1
2018-09-17,1,16.05,15.81,15.31,14.66,14.21,14.33,14.66,18.5,24.67,27.87,24339.6,1408,0,0,FALSE,1
2018-09-18,2,15.57,15.35,15.93,16.11,15.2,13.88,14.55,19.42,24.94,27.89,24384.4,1419.2,0,0,FALSE,1
2018-09-19,3,15.88,15.26,14.89,14.59,14.19,13.9,14.76,19.21,24.29,26.58,24395.2,1385.6,0,0,FALSE,1
2018-09-20,4,21.23,19.87,19.26,19.36,18.82,18.54,19.06,21.63,24.15,26.21,24978.8,1427.2,0,0,FALSE,1
2018-09-21,5,20.16,20.12,20.1,19.48,18.66,18.13,18.28,22.05,25.64,27.85,24932.8,1456,0,0,FALSE,0.6
2018-09-22,6,17.35,18.17,19.26,18.97,17.48,17.21,18.12,20.68,22.51,24.2,20265.6,1059.2,0,0,FALSE,0.1
2018-09-23,7,14.77,15.39,14.72,14.79,15.39,15.35,15.35,15.94,17.48,21.23,20075.6,1011.2,0,0,FALSE,0.1
2018-09-24,1,21.16,21.41,21.38,21.19,20.95,20.55,19.26,15.7,16.82,17.5,23022.8,1246.4,0,0,FALSE,1
2018-09-25,2,10.43,9.18,8.89,8.57,9.47,8.76,7.92,11.52,13.82,16.36,22358.8,1216,0,0,FALSE,1
2018-09-26,3,8.02,7.35,6.68,7.06,6.85,6.98,7.41,9.11,10.74,12.65,19606.8,1048,0,0,FALSE,1
2018-09-27,4,8.57,7.79,8.04,6.38,5.22,4.28,4.52,9.86,16.38,19.9,17686.4,947.2,0,0,FALSE,1
2018-09-28,5,15.67,16.55,16.3,16.24,15.87,15.73,16.03,18.21,20.93,24.1,17171.6,950.4,0,0,FALSE,0.6
2018-09-29,6,18.11,18.04,18.03,18.04,17.28,16.7,16.32,16.75,17.69,18.62,14521.6,641.6,0,0,FALSE,0.1
2018-09-30,7,11.06,10.6,10.19,9.89,9.81,9.73,9.93,11.55,13.05,14.69,14336.4,622.4,0,0,FALSE,0.1
2019-06-01,6,10.29,9.44,8.87,8.7,9.3,14.65,17.7,20.84,22.76,23.75,12937.2,574.4,0,0,FALSE,0.1
2019-06-02,7,16.99,16.45,16.21,15.45,15.19,19.11,21.66,23.4,26.55,27.42,12509.2,545.6,0,0,FALSE,0.01
2019-06-03,1,16.67,15.89,16.05,16.25,15.05,19.94,23.14,25.55,27.02,28.85,17418.4,1046.4,0,0,FALSE,1
2019-06-04,2,16.64,15.01,14.69,15.03,14.95,17.71,21.76,25.4,27.53,27.26,21489.2,1257.6,0,0,FALSE,1
2019-06-05,3,15.81,14.71,13.89,13.32,13.49,15.56,18.67,21.52,23.21,24,20318.4,1204.8,0,0,FALSE,1
2019-06-06,4,17.29,17.34,16.9,16.17,14.92,16.47,21.13,22.18,23.71,24.79,22033.6,1312,0,0,FALSE,1
2019-06-07,5,14.79,14.88,13.76,13.13,13.21,17.57,20.32,22.05,22.91,24.12,22898.4,1246.4,0,0,FALSE,0.6
2019-06-08,6,17,15.95,14.68,14.09,13.92,18.25,22.24,23.51,24.97,26.35,20776,1022.4,0,0,FALSE,0.1
2019-06-09,7,16.14,16.08,16.64,17.61,18.56,21.49,22.35,23.72,25.65,27.92,20853.6,1043.2,0,0,FALSE,0.1
2019-06-10,1,20.14,20.8,21.74,21.07,19.23,20.46,25.92,28.41,29.02,32.91,26210,1526.4,1,1.018,TRUE,1
2019-06-11,2,25.04,25.28,23.29,22.93,23.14,24.2,25.24,26.45,29.41,32.34,27601.2,1520,4,4.026,TRUE,1
2019-06-12,3,25.06,23.99,24.58,24.47,22.76,23.34,25.67,27.9,29.98,32.09,27146.4,1545.6,1,1.03,TRUE,1
2019-06-13,4,19.9,18.43,17.85,19.83,21.12,24.39,25.46,25.98,26.61,27.31,26082.8,1411.2,0,0,FALSE,1
2019-06-14,5,13.15,12.94,12.31,12.07,12.31,17.85,21.51,25.76,29.16,30.34,26771.6,1529.6,5,5.05,TRUE,0.6
2019-06-15,6,18.57,19.55,18.7,19.47,19.88,20.95,25.29,27.5,26.39,27.98,24134,1227.2,0,0,FALSE,0.1
2019-06-16,7,17.45,17,16.51,15.9,16.25,21.27,25.03,26.71,27.53,28.95,23451.6,1160,0,0,FALSE,0.1
2019-06-17,1,22.2,22.11,21.68,21.13,21.12,21.41,22.39,23.09,24.05,25.48,26606.4,1425.6,0,0,FALSE,1
2019-06-18,2,20.95,20.58,19.77,19.41,19.73,21.31,22.38,24.15,25.56,26.92,27075.6,1524.8,1,1.017,TRUE,1
2019-06-19,3,19.87,18.86,17.64,16.52,16.56,22.01,24.66,27.73,28.95,27.32,27474,1518.4,2,2.021,TRUE,1
2019-06-20,4,18.92,18.25,17.4,17,17.18,22.14,24.85,26.03,27.24,28.7,28427.6,1624,9,9.372,TRUE,1
2019-06-21,5,17.83,16.93,16.18,15.98,16.6,22.22,24.77,27.74,28.95,29.44,27978.4,1560,6,6.157,TRUE,0.6
2019-06-22,6,19.44,18.44,17.87,18.12,21,23.93,25.17,24.42,23.76,19.47,23050.8,1126.4,0,0,FALSE,0.1
2019-06-23,7,16.54,16.94,16.28,15.94,16.15,16.83,18.13,19.88,23.52,24.39,22321.6,1070.4,0,0,FALSE,0.1
2019-06-24,1,18.07,17.74,17.39,17.08,17.25,19.75,22.04,23.68,25.61,27.55,27980.4,1566.4,7,7.19,TRUE,1
2019-06-25,2,20.87,21.27,21.25,20.93,21.55,24.19,25.33,26.28,28.13,29.56,30316.4,1704,26,27.49,TRUE,1
2019-06-26,3,23.14,23.24,22.92,22.77,23.3,25.99,26.63,27.4,29.41,31.98,31878,1844.8,33,36.482,TRUE,1
2019-06-27,4,21.25,20.85,20.26,19.87,19.87,25.14,27.44,31.11,33.91,33.34,32367.6,1784,38,41.095,TRUE,1
2019-06-28,5,22.79,26.48,27.05,25.95,25.12,25.9,25.89,26.58,28.03,29.5,31458.4,1665.6,28,29.744,TRUE,0.6
2019-06-29,6,22.38,22.3,22.21,21.42,21.1,23.1,23.19,24.11,25.63,27.67,25915.6,1248,0,0,FALSE,0.1
2019-06-30,7,20.69,19.85,19.55,19.11,19.61,23.64,25.2,26.99,29.81,32.38,25366.8,1214.4,0,0,FALSE,0.1
2019-07-01,1,17.19,16.2,15.49,14.85,14.68,22.16,25.19,28.58,29.05,30.67,28798,1552,14,14.254,TRUE,0.7
2019-07-02,2,18,17.45,16.57,16.31,16.59,20.61,23.89,27.76,29.94,30.42,28636.4,1702.4,19,19.762,TRUE,0.7
2019-07-03,3,24.07,22.24,22.22,22.26,22.27,25.17,25.8,25.94,27.49,30.29,28888.4,1662.4,26,27.517,TRUE,0.7
2019-07-04,4,20.76,19.89,18.89,19.45,18.63,20.53,21.68,22.27,23.66,25.16,26916.8,1456,0,0,FALSE,0.7
2019-07-05,5,20.8,20.06,18.42,17.94,16.9,21.49,23.87,26.59,28.72,29.61,27672,1524.8,2,2.027,TRUE,0.42
2019-07-06,6,18.41,17.87,17.78,18.45,19.06,21.19,23.91,26.46,28.19,29.87,25080.4,1246.4,0,0,FALSE,0.1
2019-07-07,7,18.68,18.23,18.1,18.09,17.61,19.65,23.41,25.95,28.29,28.75,24146.8,1296,0,0,FALSE,0.1
2019-07-08,1,19.6,18.61,17.91,16.82,14.89,19.54,21.47,22.32,24.66,27.21,26548,1502.4,1,1.002,TRUE,0.7
2019-07-09,2,18.7,19.1,18.96,18.91,18.95,19.26,20.05,21.97,24.24,24.75,24823.2,1345.6,0,0,FALSE,0.7
2019-07-10,3,17.59,17.65,17.65,17.37,17.23,18.49,19.19,19.71,20.57,22,24663.6,1286.4,0,0,FALSE,0.7
2019-07-11,4,14.24,14.26,14.32,15.37,16.16,18.23,18.05,20.54,23.26,25.15,24316,1286.4,0,0,FALSE,0.7
2019-07-12,5,16.23,15.6,14.88,13.87,13.53,17.21,20.45,22.3,25.26,25.47,24399.6,1270.4,0,0,FALSE,0.42
2019-07-13,6,15.92,15.29,15.24,15.82,16.18,16.69,17.22,20.19,23.02,25.91,20868.4,1008,0,0,FALSE,0.1
2019-07-14,7,11.89,11.35,10.81,10.22,10.7,15.77,18.52,22.51,25.1,25.1,21211.6,998.4,0,0,FALSE,0.1
2019-07-15,1,19.39,18.64,19.04,19.01,18.79,19.25,19.28,20.96,22.62,23.2,24148.8,1275.2,0,0,FALSE,0.7
2019-07-16,2,17.06,16.04,16.17,15.5,15.91,18.52,19.67,21.72,23.72,25.96,25029.6,1348.8,0,0,FALSE,0.7
2019-07-17,3,15.46,14.96,14.22,13.69,13.38,17.61,21.23,24.82,26.63,27.92,25502.8,1358.4,0,0,FALSE,0.7
2019-07-18,4,17.4,17.71,18.95,18.31,16.79,17.09,17.98,21.37,25.36,28.04,25447.2,1388.8,0,0,FALSE,0.7
2019-07-19,5,16.38,15.72,15.06,15.37,16.17,17.25,21.47,25.9,27.97,28.19,25867.2,1400,0,0,FALSE,0.42
2019-07-20,6,16.22,15.57,15,14.69,14.36,18.03,22.04,26.49,28.11,28.93,22262.4,1084.8,0,0,FALSE,0.1
2019-07-21,7,18.39,18.4,18.3,18.51,18.08,18.32,22.27,26.52,27.52,29.17,22138,1113.6,0,0,FALSE,0.1
2019-07-22,1,22.78,22.15,21.29,21.06,21.17,22.99,26.1,28.01,30.29,31.61,27934.8,1617.6,9,9.162,TRUE,0.7
2019-07-23,2,21.29,21.39,21.27,22.28,22.48,25.21,27.92,29.49,32.01,33.67,29063.6,1588.8,19,19.319,TRUE,0.7
2019-07-24,3,20.49,20.17,19.74,19.34,18.84,21.79,26.07,29.64,31.08,32.27,29441.2,1609.6,23,23.862,TRUE,0.7
2019-07-25,4,22.22,21.99,21.71,21.39,21.07,23.42,27.03,30.24,32.78,33.9,30910.4,1729.6,30,32.508,TRUE,0.7
2019-07-26,5,22.21,21.66,21.34,21.72,21.05,21.35,23.51,28.39,30.86,32.36,29831.6,1680,22,22.862,TRUE,0.42
2019-07-27,6,20.25,20.66,20.65,19.98,19.84,20.01,21.63,24.36,27.63,27.94,24122.4,1289.6,0,0,FALSE,0.1
2019-07-28,7,18.09,17.89,18.94,19.27,19.35,18.26,17.61,17.29,17.84,19.13,20798.4,936,0,0,FALSE,0.1
2019-07-29,1,17.52,17.63,17.63,17.93,18.07,18.25,18.98,20.3,22,25.68,25875.6,1388.8,0,0,FALSE,0.7
2019-07-30,2,19.14,18.84,18.26,17.95,17.65,19.13,22.93,26.14,28.39,29.18,27656.4,1550.4,2,2.055,TRUE,0.7
2019-07-31,3,21.22,20.49,21.05,21.5,22.43,23.49,26.81,27.77,30.14,32.6,29556.8,1640,25,25.861,TRUE,0.7
2019-08-01,4,19.28,18.93,20.43,21.27,21.32,22.17,22.99,24.46,26.77,29.05,28885.2,1624,7,7.279,TRUE,0.4
2019-08-02,5,19.55,19.58,20.54,21.52,20.72,20.74,24.33,25.96,25.28,27.74,21288.8,1484.8,0,0,FALSE,0.24
2019-08-09,5,20.18,20.26,19.91,19.55,19.25,19.84,23.31,25.2,27.58,29.61,9444,1342.4,0,0,FALSE,0.24
2019-08-10,6,18.66,18.23,17.81,17.62,17.5,18.48,22.34,26.2,28.75,29.81,24534.4,1312,0,0,FALSE,0.1
2019-08-11,7,20.89,20.47,20.17,19.71,19.6,21.22,24.81,26.97,29.06,30.51,26106.4,1283.2,0,0,FALSE,0.01
2019-08-12,1,21.79,21.04,20.66,20.11,19.79,20.63,24.15,27.72,31.88,34.93,28754.4,1539.2,1,1.026,TRUE,0.04
2019-08-13,2,24.19,24.1,23.36,22.26,20.36,20.2,22.85,26.7,29.56,30.46,26278.8,1424,0,0,FALSE,0.04
2019-08-14,3,17.6,17.44,17.64,17.8,17.16,16.78,16.34,17.37,19.56,20.38,22699.2,1179.2,0,0,FALSE,0.04
2019-08-15,4,17.1,17,17.52,17.38,17.16,17.38,19.18,20.69,23.22,24.91,20748.4,1049.6,0,0,FALSE,0.04
2019-08-16,5,16.98,18.26,19.22,18.11,18.73,19.08,19.16,20.16,20.86,22.12,21382,1126.4,0,0,FALSE,0.02
2019-08-17,6,16.07,15.61,14.44,13.46,12.59,13.66,17.95,21.01,25.45,27.27,20244.8,1009.6,0,0,FALSE,0.01
2019-08-18,7,13.69,13.35,13.32,13.3,12.84,13.86,18.3,22.24,26.56,28.17,20685.6,1032,0,0,FALSE,0.01
2019-08-19,1,15.99,15.73,15.18,15.02,14.94,15.96,19.71,23.54,27.38,28.67,25224.8,1416,0,0,FALSE,0.04
2019-08-20,2,18.42,17.84,17.32,16.94,16.54,17.42,21.39,25.56,30.15,33.1,26877.6,1443.2,0,0,FALSE,0.4
2019-08-21,3,19.53,18.56,18.3,18.44,18.65,19.38,22.98,27.4,28.77,28.57,27297.6,1516.8,4,4.031,TRUE,0.4
2019-08-22,4,20.49,19.88,19.71,19.59,19.36,19.37,19.59,19.85,21.15,21.64,24978.4,1318.4,0,0,FALSE,0.4
2019-08-23,5,20.66,21.05,20.76,20.06,19.76,20.32,21.16,22.47,23.77,25.28,25314.8,1364.8,0,0,FALSE,0.24
2019-08-24,6,22.07,21.88,22.06,22.32,22.26,22,23.12,24.24,25.95,27.91,21331.6,1156.8,0,0,FALSE,0.1
2019-08-25,7,20.62,19.93,20.03,19.93,20.6,20.58,22.25,23.94,24.81,26.62,20805.2,1033.6,0,0,FALSE,0.1
2019-08-26,1,21.56,21.24,20.9,21.01,20.75,20.9,21.88,23.72,24.61,27.51,25759.6,1483.2,0,0,FALSE,0.4
2019-08-27,2,22.18,22.23,21.81,21.55,21.42,21.33,22.61,24.48,26.44,28.96,26540.8,1467.2,0,0,FALSE,0.4
2019-08-28,3,21.2,21.75,21.24,19.84,19.82,21.49,23.48,24.92,25.85,28.55,27062,1478.4,0,0,FALSE,0.4
2019-08-29,4,19.75,18.8,18.37,18.35,18.86,19.24,20.15,23.02,27.42,29.4,27082.8,1520,1,1.013,TRUE,0.4
2019-08-30,5,23.67,23.33,23.52,23.4,23.36,23.5,23.41,23.79,24.2,25.39,26730,1396.8,0,0,FALSE,0.24
2019-08-31,6,24.9,24.57,24.28,24.02,23.61,23.5,24.14,25.57,26.99,28.64,24640.4,1198.4,0,0,FALSE,0.1
2019-09-01,7,21.26,20.3,19.05,18.56,18.19,17.87,20.38,24.66,29.08,32.23,23839.6,1163.2,0,0,FALSE,0.1
2019-09-02,1,19.2,18.39,18.04,17.77,18.38,18.89,20.03,22.03,24.65,29.61,26010,1484.8,0,0,FALSE,1
2019-09-03,2,15.61,14.91,14.8,16.28,16.6,16.6,17.02,17.6,18.25,19.93,23352.4,1212.8,0,0,FALSE,1
2019-09-04,3,15.73,15.74,14.83,14.66,14.57,14.19,15.54,18.39,20.51,22,23781.6,1233.6,0,0,FALSE,1
2019-09-05,4,16.34,16.68,16.36,15.93,16.12,15.82,17.33,19.61,21.61,23.99,24497.2,1308.8,0,0,FALSE,1
2019-09-06,5,20.32,20.28,19.89,19.99,19.64,19.48,19.55,20.01,20.69,20.85,22938.4,1216,0,0,FALSE,0.6
2019-09-07,6,16.03,16.04,15.33,15.03,15.63,15.03,15.86,18.32,20.53,22.12,19660,907.2,0,0,FALSE,0.1
2019-09-08,7,13.65,13.68,14.31,14.64,14.45,14.63,15.6,16.33,16.58,19.25,19050.8,880,0,0,FALSE,0.1
2019-09-09,1,12.98,12.63,12.13,12.34,11.83,10.9,10.83,11.33,13.3,16.01,20802,1124.8,0,0,FALSE,1
2019-09-10,2,9.66,8.66,8.34,7.79,7.52,7.5,9.76,13.95,18.41,22.36,20656,1104,0,0,FALSE,1
2019-09-11,3,15.56,15.16,15.18,15.31,14.92,14.3,15.18,17.47,19.51,21.05,20619.6,1091.2,0,0,FALSE,1
2019-09-12,4,16.28,16.71,16.87,17.1,17.87,17.82,18.31,20.12,21.93,23.45,22012.4,1195.2,0,0,FALSE,1
2019-09-13,5,17,17.43,17.36,16.94,16.48,16.76,18.09,20.63,22.88,24.32,23609.2,1268.8,0,0,FALSE,0.6
2019-09-14,6,17.59,17.42,16.95,16.77,16.82,17.02,18.56,21.09,23.55,25.42,20993.2,1062.4,0,0,FALSE,0.1
2019-09-15,7,19.31,19.09,18.86,18.43,18.05,16.98,17.66,20.35,22.91,25.81,20608,1012.8,0,0,FALSE,0.1
2019-09-16,1,14.11,13.71,13.41,13.32,12.89,12.46,13.51,18.24,23.65,25.53,24003.2,1300.8,0,0,FALSE,1
2019-09-17,2,13.94,13.82,13.63,13.76,14.56,15.23,16.22,17.83,19.06,21.9,22118.4,1145.6,0,0,FALSE,1
2019-09-18,3,17.29,16.51,16.6,17.06,17.48,17.78,18.73,20.46,20.18,19.35,20680.8,1112,0,0,FALSE,1
2019-09-19,4,13.85,14.08,14.51,14.16,14.24,13.88,13.96,14.23,15.31,16.72,20093.2,1041.6,0,0,FALSE,1
2019-09-20,5,11.58,11.47,11.3,10.93,10.49,9.96,10.22,12.04,13.74,14.97,19823.2,1030.4,0,0,FALSE,0.6
2019-09-21,6,11.38,11.2,11.11,10.89,10.03,10.11,10.99,13.25,15.54,17.73,17385.6,774.4,0,0,FALSE,0.1
2019-09-22,7,7.25,6.91,6.95,6.47,6.37,6.22,7.22,10.5,15.81,19.71,17415.2,772.8,0,0,FALSE,0.1
2019-09-23,1,16.02,16.02,15.87,15.85,15.91,16.06,15.92,16.02,16.33,16.58,20808.4,1145.6,0,0,FALSE,1
2019-09-24,2,15.05,14.93,14.87,14.82,14.43,14.42,14.47,15.92,19.24,21.18,20121.2,1067.2,0,0,FALSE,1
2019-09-25,3,10.4,10.03,9.74,9.56,9.39,9.45,10.1,13.44,16.72,19.7,20484,1104,0,0,FALSE,1
2019-09-26,4,13.6,14.09,14.37,14.6,13.77,12.91,12.83,15.3,17.88,20.66,20202,1059.2,0,0,FALSE,1
2019-09-27,5,9.67,9.4,9,8.95,8.71,8.43,8.82,13.18,19.37,21.99,19538.8,1044.8,0,0,FALSE,0.6
2019-09-28,6,15.06,14.95,14.65,14.68,15.2,15.9,17.06,17.13,18.73,20.13,16693.2,755.2,0,0,FALSE,0.1
2019-09-29,7,16.66,16.67,16.72,15.61,15.67,15.84,16,18.23,21.71,23.21,16478.4,787.2,0,0,FALSE,0.1
2019-09-30,1,17.9,18,17.53,17.14,17.1,17.14,17.29,18.37,19.58,20.5,18642,1054.4,0,0,FALSE,1
2020-06-01,1,13.21,12.58,12.17,12.82,13.3,13.68,16.32,18.63,20.79,23.16,15245.2,784,0,0,FALSE,1
2020-06-02,2,11.44,10.58,9.8,9.21,9.03,12.89,17.91,21.23,23.01,23.84,13865.2,624,0,0,FALSE,0.1
2020-06-03,3,13.08,12.01,11.7,11.7,11.07,15.46,17.31,19.85,21.79,23.55,18070,1014.4,0,0,FALSE,1
2020-06-04,4,14.93,14.84,14.87,15.28,15.73,16.91,17.92,18.84,20.07,20.28,19244,979.2,0,0,FALSE,1
2020-06-05,5,14.98,14.18,15.5,15.61,15.11,14.96,15.57,16.76,17.8,18.27,18872.8,974.4,0,0,FALSE,0.6
2020-06-06,6,14.67,15.2,13.82,12.11,12.03,16.93,18.66,20.33,21.34,22.26,16678.8,760,0,0,FALSE,0.1
2020-06-07,7,13.74,12.75,12.19,12.04,12.59,16.52,17.75,20.94,21.73,23.07,16488,737.6,0,0,FALSE,0.1
2020-06-08,1,14.98,15.16,15.12,14.86,14.86,14.99,15.72,15.82,16.38,16.89,19364.4,1027.2,0,0,FALSE,1
2020-06-09,2,14.14,14.66,14.88,14.98,14.73,14.04,14.22,15.39,15.84,16.4,19352,980.8,0,0,FALSE,1
2020-06-10,3,13.41,13.71,13.98,13.28,13.48,15.61,14.85,13.46,13.77,15.24,19290.4,992,0,0,FALSE,1
2020-06-11,4,11.44,11.69,13.17,12.77,12.56,13.08,15.5,17.68,17.78,18.94,19112.8,969.6,0,0,FALSE,1
2020-06-12,5,10.14,9.57,9.65,9.56,10.58,16.87,17.53,18.76,19.88,20.57,19439.6,1032,0,0,FALSE,0.6
2020-06-13,6,12.12,11.3,10.81,10.69,11.64,13.83,18.77,21.29,23.43,25.01,17683.6,804.8,0,0,FALSE,0.1
2020-06-14,7,14.38,14.48,14.62,14.71,16.29,16.22,16.84,16.68,18.67,21.07,17158,758.4,0,0,FALSE,0.1
2020-06-15,1,15.83,15.83,15.76,15.5,15.51,15.56,15.79,15.87,16.19,16.83,19920,1019.2,0,0,FALSE,1
2020-06-16,2,15.93,15.82,15.41,15.21,15.17,15.87,17.5,19.68,22.75,25.11,20536.8,1064,0,0,FALSE,1
2020-06-17,3,14.79,14.27,14.48,14.59,14.26,16.15,20.8,24.05,24.38,25.04,20874.8,1073.6,0,0,FALSE,1
2020-06-18,4,18.09,17.81,17.42,17.04,17.42,18.17,20.72,21.68,22.02,22.49,21536.8,1115.2,0,0,FALSE,1
2020-06-19,5,16.97,16.48,16.19,15.67,15.6,20.62,20.77,20.56,22.6,22.43,21125.2,1094.4,0,0,FALSE,0.6
2020-06-20,6,14.74,14.64,14.61,14.58,14.03,14.27,15.03,16.76,17.1,19.68,18684.8,860.8,0,0,FALSE,0.1
2020-06-21,7,16.24,15.24,14.17,13.46,13.2,13.95,15.26,16.63,18.26,20.11,18430,843.2,0,0,FALSE,0.1
2020-06-22,1,16.27,15.41,14.27,13.58,13.87,16.41,17.49,19.77,23.84,25.62,22998.4,1305.6,0,0,FALSE,1
2020-06-23,2,16.2,17.05,17.06,17,18.09,22.43,23,24.07,25.98,28.21,23510.8,1331.2,0,0,FALSE,1
2020-06-24,3,19.73,19.73,19.55,18.93,19.08,19.42,19.58,20.02,20.71,23.07,22902.8,1246.4,0,0,FALSE,1
2020-06-25,4,19.96,18.57,16.1,16.12,16.38,17.4,17.27,19.65,22.4,22,21988.8,1200,0,0,FALSE,1
2020-06-26,5,16.25,16.14,15.81,15.53,15.52,16.23,19.45,21.47,22.89,25.64,22753.6,1182.4,0,0,FALSE,0.6
2020-06-27,6,15.98,15.38,14.89,14.68,15.01,17.32,21.85,25.82,27.42,28.43,18746,1020.8,0,0,FALSE,0.1
2020-06-28,7,17.25,16.7,16.18,15.88,15.83,19.6,22.06,26.62,29.52,30.88,20984,1097.6,0,0,FALSE,0.1
2020-06-29,1,18.69,18.02,17.26,16.52,16.69,19.7,24.8,27.84,29.28,29.58,24421.2,1486.4,0,0,FALSE,1
2020-06-30,2,21.29,21.45,20.91,20.11,21.18,21.31,22.33,22.9,25.78,28.09,25080.4,1446.4,0,0,FALSE,1
2020-07-01,3,19,18.4,18.07,17.6,17.58,22.71,25.23,28.63,29.21,30.09,25890.4,1492.8,0,0,FALSE,0.7
2020-07-02,4,17.28,17.14,17.08,17.03,16.79,20.71,25.49,27.75,29.49,29.06,25763.2,1430.4,0,0,FALSE,0.7
2020-07-03,5,19.36,20.24,20.95,20.81,20.97,21.2,20.97,22.01,23.06,23.61,23734.4,1257.6,0,0,FALSE,0.42
2020-07-04,6,19.61,19.71,19.59,19.62,19.66,20.71,20.84,20.79,22.55,24.72,21226,1070.4,0,0,FALSE,0.1
2020-07-05,7,18.56,18.2,16.39,14.82,14.93,19.98,21.27,23.01,25.76,27.79,21162.4,1097.6,0,0,FALSE,0.1
2020-07-06,1,19.41,19.77,20.06,19.82,20.23,23.83,24.82,26.53,28.24,30.76,24834,1470.4,0,0,FALSE,0.7
2020-07-07,2,16.33,13.93,13.01,12.19,11.58,12.46,15.61,16.78,18.86,20.54,21795.6,1216,0,0,FALSE,0.7
2020-07-08,3,15.52,16.31,16.32,16.01,15.73,18.89,19.86,21.34,23.46,25.79,22277.6,1252.8,0,0,FALSE,0.7
2020-07-09,4,13.34,13.09,12.31,11.84,11.61,17.87,19.82,23.76,26.81,28.9,23313.6,1324.8,0,0,FALSE,0.7
2020-07-10,5,16.19,15.29,14.38,13.58,13.25,19.81,21.44,25.07,29.02,30.18,23004,1296,0,0,FALSE,0.42
2020-07-11,6,16.71,16.17,15.96,16.07,16.44,19.89,22.49,26.79,28.15,29.39,20690,1078.4,0,0,FALSE,0.1
2020-07-12,7,17.48,17.45,16.71,16.59,16.46,18.17,18.21,19.05,20.19,21.8,19063.2,944,0,0,FALSE,0.1
2020-07-13,1,15.39,15.77,15.71,14.78,14.74,16.92,17.69,18.91,20.53,22.54,21871.6,1212.8,0,0,FALSE,0.7
2020-07-14,2,14.49,14.09,14.53,14.55,14.17,16.35,17.73,19.66,21.78,23.32,22074.8,1224,0,0,FALSE,0.7
2020-07-15,3,17.85,16.17,16.04,16.43,16.32,19.38,20.41,22.66,25.28,26.91,22446,1230.4,0,0,FALSE,0.7
2020-07-16,4,16.74,17.3,16.49,15.11,14.89,15.29,17.91,22.65,24.76,25.88,22382.4,1240,0,0,FALSE,0.7
2020-07-17,5,18.63,18.6,16.74,16.51,16.2,16.33,16.83,17.71,18.8,20.86,21378,1147.2,0,0,FALSE,0.42
2020-07-18,6,15.78,15.75,14.98,14.52,13.79,16.35,17.59,19.29,21.62,23.28,18409.2,910.4,0,0,FALSE,0.1
2020-07-19,7,14.37,13.78,13.51,13.32,13.63,16.72,18.02,19.34,22.18,24.95,18810.4,921.6,0,0,FALSE,0.1
2020-07-20,1,15.38,14.85,14.09,13.51,13.39,17.53,20.25,23.52,25.61,26.02,22706.4,1275.2,0,0,FALSE,0.7
2020-07-21,2,16.3,15.93,15.51,15.22,14.91,18.8,21.75,25.24,27.56,29.14,24132.4,1393.6,0,0,FALSE,0.7
2020-07-22,3,18.43,18,17.51,17.5,17.27,20.08,23.97,26.04,28.67,31,24570,1422.4,0,0,FALSE,0.7
2020-07-23,4,22.06,21.14,20.41,20.06,19.14,19.55,20.36,23.25,25.87,27.78,24855.2,1414.4,0,0,FALSE,0.7
2020-07-24,5,21.33,21.45,21.77,20.94,17.57,17.21,19.24,22.57,25.65,27.79,22284.4,1252.8,0,0,FALSE,0.42
2020-07-25,6,17.33,17,16.57,16.23,16.21,16.2,16.85,17.68,21.9,24.85,19759.2,993.6,0,0,FALSE,0.1
2020-07-26,7,16.23,16.05,15.69,15.06,14.57,16.94,20.78,24.11,26.51,26.71,20268,1027.2,0,0,FALSE,0.1
2020-07-27,1,17.48,17.23,17.36,17.47,16.86,19.22,22.75,25.84,28.4,30.77,24923.2,1404.8,0,0,FALSE,0.7
2020-07-28,2,17.81,17.32,16.94,16.55,16.27,18.69,23.09,26.72,29.28,30,25068.8,1398.4,0,0,FALSE,0.7
2020-07-29,3,19.78,18.49,18.56,18.45,17.31,19.13,23.28,26.82,29.43,31.39,26593.2,1515.2,2,2.015,TRUE,0.7
2020-07-30,4,24.65,24.54,24.2,23.24,22.06,22.75,26.39,29.05,30.81,32.63,27872.4,1670.4,13,13.531,TRUE,0.7
2020-07-31,5,24.6,23.6,22.79,22.15,21.22,22.85,26.37,29.31,31.85,32.71,29496.4,1720,27,28.573,TRUE,0.42
2020-08-01,6,22.59,22.98,22.1,20.65,20.14,22.95,26.7,29.02,31.92,33.1,25614.8,1344,0,0,FALSE,0.1
2020-08-02,7,24.08,24.88,24.09,24.06,24.52,24.51,25.05,20.71,23.88,26.74,22839.2,1211.2,0,0,FALSE,0.1
2020-08-03,1,21.94,22.07,23.62,21.01,19.03,19.12,20.44,21.81,21.11,24.13,23164.4,1355.2,0,0,FALSE,0.4
2020-08-04,2,17.87,17.52,17.03,16.17,16.02,16.36,17.49,19.63,22.85,23.76,22084.4,1286.4,0,0,FALSE,0.4
2020-08-05,3,17.49,17.42,17.21,16.54,14.78,14.77,15.7,16.44,17.52,19.5,21186.4,1144,0,0,FALSE,0.4
2020-08-06,4,18.44,18.68,18.91,18.79,18.48,18.68,19.49,20.04,20.36,20.33,22417.2,1230.4,0,0,FALSE,0.4
2020-08-07,5,20.49,20.29,19.57,19.7,20.13,20.23,22.07,23.52,25.35,26.98,23756.4,1369.6,0,0,FALSE,0.24
2020-08-08,6,21.98,21.32,20.48,19.9,20.72,21.37,23.96,25.26,27.33,28.75,21792.4,1148.8,0,0,FALSE,0.1
2020-08-09,7,23.59,22.16,22.88,23.21,23.39,24.25,26.54,28.34,30.22,32.43,22074.4,1184,0,0,FALSE,0.1
2020-08-10,1,21.82,21.93,22.2,22.16,21.74,21.93,24.55,27.38,30.01,32.55,24711.2,1403.2,0,0,FALSE,0.4
2020-08-11,2,19.77,19.31,18.46,18.3,18.25,19.01,21.17,24.2,28.87,31.79,24380,1476.8,0,0,FALSE,0.04
2020-08-12,3,23.41,22.93,22.02,21.9,21.51,22.73,24.37,24.97,26.66,29.33,24757.2,1441.6,0,0,FALSE,0.04
2020-08-13,4,21.07,20.56,20.08,19.53,18.97,19.66,23.67,26.66,29.7,31.03,25150,1372.8,0,0,FALSE,0.04
2020-08-14,5,19.75,18.98,18.51,18.33,18.81,19.16,22.75,26.33,29.6,30.73,23166.8,1339.2,0,0,FALSE,0.02
2020-08-15,6,20.82,20.28,19.2,19.53,19.81,19.75,22.02,22.35,24.76,26.75,21218.8,1128,0,0,FALSE,0.01
2020-08-16,7,21.09,21.09,20.92,20.3,19.72,20.56,23.72,25.82,28.33,29.86,21464.4,1099.2,0,0,FALSE,0.01
2020-08-17,1,18.42,17.83,17.29,16.76,16.77,17.96,21.44,25.97,27.52,29.15,23281.6,1404.8,0,0,FALSE,0.04
2020-08-18,2,15.71,15.1,14.93,15.01,15.42,15.42,18.11,20.86,22.73,23.86,21911.6,1188.8,0,0,FALSE,0.04
2020-08-19,3,16.77,17.31,17.08,17.13,16.84,16.82,17.65,21.33,25.08,27.57,22734,1265.6,0,0,FALSE,0.04
2020-08-20,4,15.4,14.91,15.26,15.65,15.08,16.53,19.4,21.31,27.06,28.56,23235.2,1276.8,0,0,FALSE,0.4
2020-08-21,5,17.53,17.14,16.89,16.44,16.06,16.97,20.9,24.07,27.59,28.26,24505.6,1414.4,0,0,FALSE,0.24
2020-08-22,6,18.97,18.3,18.14,17.95,18.52,19.33,20.98,24.95,28.07,29.54,22720.4,1185.6,0,0,FALSE,0.1
2020-08-23,7,20.85,21.02,22.85,22.67,23.5,23.36,24.05,23.7,24.86,25.97,21080.8,1068.8,0,0,FALSE,0.1
2020-08-24,1,21.04,20.83,20.75,20.05,19.64,19.81,21.01,22.19,23.44,24.55,22660,1260.8,0,0,FALSE,0.4
2020-08-25,2,19.48,18.52,18.46,18.3,18.27,19.28,19.61,21.47,23.69,24.92,22566.8,1316.8,0,0,FALSE,0.4
2020-08-26,3,14.65,14.07,13.52,13.12,12.9,13.18,16.39,21.91,25.87,25.87,22932.4,1276.8,0,0,FALSE,0.4
2020-08-27,4,16.89,16.38,16.11,16.07,16.16,16.56,19.27,23.15,26.19,28.03,23521.6,1299.2,0,0,FALSE,0.4
2020-08-28,5,18.24,17.66,17.58,17.45,17.41,17.73,20.25,24.56,28.24,29.34,23946,1419.2,0,0,FALSE,0.24
2020-08-29,6,23.41,23.57,23.47,23.08,22.64,22.83,23.94,25.57,26.76,27.8,22646.8,1176,0,0,FALSE,0.1
2020-08-30,7,20.62,22.64,23.33,23.99,23.48,23.39,24.01,21.95,21.99,23.15,21117.2,1068.8,0,0,FALSE,0.1
2020-08-31,1,18.4,16.88,15.59,14.72,15.34,15.23,15.62,17.42,19.88,20.89,21283.2,1160,0,0,FALSE,0.4
2020-09-01,2,13.36,13.09,13.08,13.11,12.67,12.43,12.5,13.63,17.1,18.86,21042.8,1131.2,0,0,FALSE,1
2020-09-02,3,14.79,14.72,14.46,14.46,13.47,13.88,16.14,18.71,20.9,23.13,21446,1209.6,0,0,FALSE,1
2020-09-03,4,17.4,17.11,16.99,16.91,16.64,16.86,17.23,17.9,20.48,21.97,21648.8,1190.4,0,0,FALSE,1
2020-09-04,5,14.59,13.79,12.76,12.1,11.83,11.49,13.64,18.58,22.88,25.84,21686.8,1225.6,0,0,FALSE,0.6
2020-09-05,6,14.91,14.02,13.44,12.97,12.32,11.61,13.62,18.79,23.71,25.18,19316,982.4,0,0,FALSE,0.1
2020-09-06,7,14.53,14.1,13.81,13.55,13.33,13.51,15.21,20.07,24.43,26.6,19515.6,1016,0,0,FALSE,0.1
2020-09-07,1,15.59,15.27,15.29,15.97,17.19,18.64,19.34,20.28,22.22,23.33,21848.4,1252.8,0,0,FALSE,1
2020-09-08,2,17.75,17.58,17.52,16.94,16.26,16.27,16.85,18.6,20.05,21.78,21547.2,1187.2,0,0,FALSE,1
2020-09-09,3,17.68,17.59,17.4,17.18,16.64,16.36,17.46,20.79,22.63,24.65,21728.4,1252.8,0,0,FALSE,1
2020-09-10,4,14.44,14.03,13.78,13.6,13.55,13.72,15.21,19.63,24.43,25.94,22144.8,1260.8,0,0,FALSE,1
2020-09-11,5,20.65,20.31,19.99,19.68,19.24,18.77,19.58,21.1,22.82,24.41,21958,1232,0,0,FALSE,0.6
2020-09-12,6,19.62,19.59,19.58,19.09,19.17,19.6,19.84,21.44,23.36,25.23,19778.8,1033.6,0,0,FALSE,0.1
2020-09-13,7,19.72,19.75,18.67,19.61,19.58,18.38,20.06,23.15,25.66,27.41,19809.2,1057.6,0,0,FALSE,0.1
2020-09-14,1,19.54,20.62,20.11,20.54,20.04,19.63,20.52,22.64,24.53,26.37,22934,1312,0,0,FALSE,1
2020-09-15,2,20.58,20.65,20.62,19.81,19.61,19.61,20.07,22.06,24.42,26.07,23336.8,1345.6,0,0,FALSE,1
2020-09-16,3,20.6,20.66,20.82,20.76,20.61,20.31,21.15,23.12,25.26,27.07,23489.6,1315.2,0,0,FALSE,1
2020-09-17,4,19.74,19.43,19.91,19.97,19.8,19.27,20.41,22.87,24.97,26.55,23318,1308.8,0,0,FALSE,1
2020-09-18,5,20.54,20,19.8,19.29,19.08,18.71,18.23,18.97,19.15,20.74,21373.2,1145.6,0,0,FALSE,0.6
2020-09-19,6,15.82,15.61,15.09,14.68,14.38,14.27,14.53,15.89,17.83,19.93,18482,899.2,0,0,FALSE,0.1
2020-09-20,7,16.66,16.01,15.1,14.44,12.74,11.45,12,17.18,21.45,24.56,18385.2,926.4,0,0,FALSE,0.1
2020-09-21,1,13.46,13.24,13.31,14.09,15.41,16.47,16.54,17.57,18.87,22.12,21630,1184,0,0,FALSE,1
2020-09-22,2,15.42,15.05,14.61,13.94,13.51,14.01,14.79,19.29,21.97,23.26,21475.6,1185.6,0,0,FALSE,1
2020-09-23,3,16.1,15.43,14.38,14.18,14.96,15.6,15.77,15.99,17.69,19.77,21168,1136,0,0,FALSE,1
2020-09-24,4,15.6,15.02,15.77,15.82,16.09,15.88,16.31,17.49,20.1,20.85,19906.8,1043.2,0,0,FALSE,1
2020-09-25,5,18.83,18.44,16.61,16.96,16.61,16.65,16.7,17.41,18.24,18.85,17320.8,891.2,0,0,FALSE,0.6
2020-09-26,6,10.48,9.77,8.48,7.42,7.31,7.81,8.71,8.74,9.82,11.63,13399.2,590.4,0,0,FALSE,0.1
2020-09-27,7,10.14,9.22,8.79,8.47,8.77,8.48,7.74,10.63,13.44,16.41,12855.2,564.8,0,0,FALSE,0.1
2020-09-28,1,9.43,9.3,9.25,9.84,10.34,10.64,11.2,10.84,10.81,11.18,16228.8,904,0,0,FALSE,1
2020-09-29,2,10.27,9.67,8.54,8.42,8.63,8.39,9.01,11.92,15.09,17.69,15982,872,0,0,FALSE,1
2020-09-30,3,5.45,5.02,4.58,4.62,3.98,3.72,4.15,8.79,14.72,18.79,15794.8,854.4,0,0,FALSE,1
2021-06-01,2,9.53,9.72,10.11,10.67,10.8,12.15,16.1,19.09,20.34,20.32,15356.8,832,0,0,FALSE,1
2021-06-02,3,9.57,9.03,8.93,8.62,8.63,14.22,17.42,20.54,21.82,22.96,13438,625.6,0,0,FALSE,0.1
2021-06-03,4,10.04,9.62,9,8.55,8.82,13.68,17.42,21.8,23.95,24.48,15367.6,833.6,0,0,FALSE,1
2021-06-04,5,12.31,11.91,10.99,10.54,10.52,16.57,19.49,22.87,25.4,26.06,19015.2,1209.6,0,0,FALSE,0.6
2021-06-05,6,13.51,13.09,13.33,13.57,14.51,16.38,20.2,24.54,25.07,26.16,18967.6,963.2,0,0,FALSE,0.1
2021-06-06,7,19.48,18.28,17.46,16.63,16.53,17.02,17.21,16.76,16.42,17.33,18092.8,889.6,0,0,FALSE,0.1
2021-06-07,1,18.41,18.84,18.1,17.65,16.99,17.35,18.54,19.99,22.26,23.66,20706.8,1172.8,0,0,FALSE,1
2021-06-08,2,16.54,16.36,17.24,17.18,16.95,19.8,21.04,22.65,24.89,27.12,22043.2,1288,0,0,FALSE,1
2021-06-09,3,15.19,15.24,14.99,15.09,17.63,20.23,21.26,22.94,25.31,27.08,22116.4,1299.2,0,0,FALSE,1
2021-06-10,4,18.99,20.22,19.81,19.02,18.22,19.4,19.28,19.84,23.48,24.69,21922.8,1283.2,0,0,FALSE,1
2021-06-11,5,15.92,15.89,15.68,15.35,16.87,19.92,20.85,21.57,22.84,24.8,21461.2,1211.2,0,0,FALSE,0.6
2021-06-12,6,16.02,15.09,14.11,14.1,14.73,19.31,21.79,25.1,25.92,26.78,19837.6,996.8,0,0,FALSE,0.1
2021-06-13,7,17.35,17.21,16.93,17,16.52,18.01,21.79,25.59,25.99,26.89,20086,1041.6,0,0,FALSE,0.1
2021-06-14,1,19.49,18.09,16.82,16.29,15.96,15.98,17.25,19.05,20.51,22.62,22663.2,1216,0,0,FALSE,1
2021-06-15,2,18.2,17.8,17.61,16.92,15.81,17.25,18.96,20.68,21.07,22.23,22944.8,1188.8,0,0,FALSE,1
2021-06-16,3,15.72,16.17,15.59,14.82,14.5,16.07,21.06,24.39,28.29,27.94,23404,1321.6,0,0,FALSE,1
2021-06-17,4,16,15.85,15.46,15.18,15.26,21.31,23.69,27.12,28.68,27.6,23657.2,1406.4,0,0,FALSE,1
2021-06-18,5,18.93,17.7,16.5,15.99,15.85,21.46,24.01,26.96,27.31,27.29,22648.8,1257.6,0,0,FALSE,0.6
2021-06-19,6,17.58,17.15,16.31,15.8,15.76,19.51,23.35,26,28.39,30.28,21179.2,1126.4,0,0,FALSE,0.1
2021-06-20,7,19.59,18.95,18.94,18.5,18.15,20.54,25.37,27.4,28.55,30.03,21917.6,1094.4,0,0,FALSE,0.1
2021-06-21,1,20.34,20.02,19.16,18.31,17.8,20.77,25.82,28.57,29.71,29.79,24648.4,1371.2,0,0,FALSE,1
2021-06-22,2,22.36,19.95,18.77,18.5,19.64,23.27,26.35,27.85,28.32,28.81,25314,1404.8,0,0,FALSE,1
2021-06-23,3,17.88,17.97,18.14,17.89,17.69,22.03,25.99,28.51,29.31,31.14,27649.2,1526.4,2,2.026,TRUE,1
2021-06-24,4,20.49,19.58,18.96,18.38,18.45,22.27,26.17,28.55,29.23,29.38,27679.2,1550.4,10,10.149,TRUE,1
2021-06-25,5,23.84,23.77,21.84,18.63,16.9,24.44,25.53,24.92,25.16,27.55,24366.4,1320,0,0,FALSE,0.6
2021-06-26,6,15.5,15.35,16.05,17.13,17.91,22.2,23.32,24.47,26.39,29.34,21638,1126.4,0,0,FALSE,0.1
2021-06-27,7,17.7,18.3,18.47,19.26,21.03,24.67,25.88,26.94,29.25,30.84,21788.8,1099.2,0,0,FALSE,0.1
2021-06-28,1,17.51,16.68,15.65,15.02,15.23,22.47,24.6,28.38,30.11,31.37,25458,1459.2,0,0,FALSE,1
2021-06-29,2,17.71,17.59,17.51,17.15,17.14,22.02,25.76,29.11,29.81,30.66,26458,1459.2,0,0,FALSE,1
2021-06-30,3,23.81,23.13,22.25,21.27,20.94,25.98,25.82,26.18,27.13,28.27,25087.6,1329.6,0,0,FALSE,1
2021-07-01,4,17.19,16.15,15.42,15.82,15.81,21.81,23.44,24.82,27.07,27.85,23107.2,1288,0,0,FALSE,0.7
2021-07-02,5,19.63,19.56,19.29,18.95,18.75,19.53,19.58,19.82,21.15,23.81,23223.6,1294.4,0,0,FALSE,0.42
2021-07-03,6,19.97,19.53,18.11,17.7,17.58,23.92,24.67,25.45,27.47,29.13,20982.8,1068.8,0,0,FALSE,0.1
2021-07-04,7,19.87,19.33,18.68,18.33,17.55,16.88,17.38,19.01,20.98,22.3,19841.2,1017.6,0,0,FALSE,0.1
2021-07-05,1,17.69,17.5,17.09,17,16.59,17.18,19.38,21.28,23.14,25.1,23183.6,1308.8,0,0,FALSE,0.7
2021-07-06,2,16.87,16.51,16.02,15.6,15.86,21.61,23.35,25.56,28.04,29.95,24737.6,1408,0,0,FALSE,0.7
2021-07-07,3,17.94,17.49,16.84,16.71,16.59,22.2,24.71,28.58,30.13,30.32,26264.4,1507.2,2,2.007,TRUE,0.7
2021-07-08,4,19.78,19.67,19.27,19.5,20.27,24.12,26.64,30.26,32.68,32.18,27341.6,1513.6,3,3.019,TRUE,0.7
2021-07-09,5,24.35,23.55,22.68,21.58,20.44,22.04,23.42,23.85,25.54,26.12,24614.8,1313.6,0,0,FALSE,0.42
2021-07-10,6,21.37,22.26,22.32,22.1,21.98,23.46,23.29,23.97,25.44,26.84,21878,1121.6,0,0,FALSE,0.1
2021-07-11,7,21.03,20.44,20.11,19.98,20.78,23.02,24.37,25.69,27.4,30.19,21651.2,1102.4,0,0,FALSE,0.1
2021-07-12,1,22.23,21.89,21.07,20.05,19.64,24.15,26.41,27.25,29.03,31.04,25629.2,1472,0,0,FALSE,0.7
2021-07-13,2,18.74,18.34,18.11,17.72,17.42,20.33,25.09,27.72,29.93,32.14,25174.8,1417.6,0,0,FALSE,0.7
2021-07-14,3,18.45,18.21,18.31,17.78,18.24,20.17,21.48,20.88,23.27,22.98,22780.4,1220.8,0,0,FALSE,0.7
2021-07-15,4,15.58,16.69,15.57,14.62,13.86,16.75,20.39,24.42,25.9,26.45,22566,1227.2,0,0,FALSE,0.7
2021-07-16,5,14.37,14.33,14.37,14.91,15.41,17.33,20.6,22.94,23.51,23.45,21636,1161.6,0,0,FALSE,0.42
2021-07-17,6,18.11,17.71,17.21,16.82,16.69,16.98,17.82,18.85,19.31,20.28,19562.8,937.6,0,0,FALSE,0.1
2021-07-18,7,19.34,20.19,20.79,21.08,20.78,22.15,21.94,22.23,21.18,23.88,19424,1041.6,0,0,FALSE,0.1
2021-07-19,1,20.56,20.83,20.93,20.6,20.17,20.71,20.98,23.96,26.03,27.12,23557.2,1289.6,0,0,FALSE,0.7
2021-07-20,2,21.02,20.96,20.07,20.06,21.28,21.31,21.47,23.74,26.72,28.65,23698,1355.2,0,0,FALSE,0.7
2021-07-21,3,20.05,20.51,20.21,20.15,19.72,20.34,21.17,22.82,24.57,26.25,23830.8,1318.4,0,0,FALSE,0.7
2021-07-22,4,21.3,21.65,21.42,20.86,20.74,21.36,22.56,23.79,25.48,26.6,24446.4,1372.8,0,0,FALSE,0.7
2021-07-23,5,20.2,20.14,20.08,20.69,20.77,21.1,22.78,24.5,27.27,29.05,24946.4,1425.6,0,0,FALSE,0.42
2021-07-24,6,18.81,18.33,17.69,17.27,17.17,19.65,22.21,26.57,28.67,29.61,22358.8,1158.4,0,0,FALSE,0.1
2021-07-25,7,19.02,19.73,20.22,21.74,22.3,23.36,25.07,27.9,29.61,29.74,21998.4,1123.2,0,0,FALSE,0.1
2021-07-26,1,24.18,22.02,20.54,22.21,22.3,23.47,25.31,27.31,28.42,28.32,25508.8,1457.6,0,0,FALSE,0.7
2021-07-27,2,17.82,17.59,17.42,18.55,19.36,20.19,22.67,25.58,23.76,22.19,25662.8,1486.4,0,0,FALSE,0.7
2021-07-28,3,20.07,18.78,17.84,17.07,16.46,18.13,20.66,25.87,28.11,28.71,25950.4,1505.6,1,1.004,TRUE,0.7
2021-07-29,4,18.44,17.53,17.42,17.4,17.11,18.45,22.02,25.14,28.38,30.62,26416.4,1507.2,2,2.005,TRUE,0.7
2021-07-30,5,17.8,17.52,17.25,16.79,16.52,18.26,22.91,26.72,29.19,30.39,25781.2,1443.2,0,0,FALSE,0.42
2021-07-31,6,20.04,19.44,19.61,19.39,19.17,19.92,24.38,27.36,30.28,31.43,23664.4,1208,0,0,FALSE,0.1
2021-08-01,7,25.58,25.22,24.65,25.57,25.63,24.82,25.56,26.3,27.06,27.57,22626,1121.6,0,0,FALSE,0.1
2021-08-02,1,16.14,15.56,14.78,14.48,14.12,17.47,21.65,23.04,24.87,26.22,22956.4,1275.2,0,0,FALSE,0.4
2021-08-03,2,17.93,17.65,16.92,16.39,16.04,17.22,21.77,23.88,26.55,27.36,23519.2,1288,0,0,FALSE,0.4
2021-08-04,3,17.42,16.08,15.15,15.95,15.2,16.32,20.16,21.84,24.35,26.82,24086.8,1385.6,0,0,FALSE,0.4
2021-08-05,4,19.66,17.69,17.52,17.27,17.58,18.11,19.64,20.4,21.12,17.77,22972.4,1211.2,0,0,FALSE,0.4
2021-08-06,5,17.11,16.96,15.91,15.33,16.33,18.42,18.75,21.78,24.88,26.57,22780.4,1232,0,0,FALSE,0.24
2021-08-07,6,15.94,15.69,15.61,15.51,16.61,17.26,21.4,24.75,26.26,26.04,21457.2,1110.4,0,0,FALSE,0.1
2021-08-08,7,25.5,24.6,23.39,22.9,22.23,22.86,25.36,26.42,27.91,29.76,22604.8,1105.6,0,0,FALSE,0.1
2021-08-09,1,18.62,19.54,20.38,18.16,16.8,17.74,22.27,24.64,26.58,28.34,24598.4,1384,0,0,FALSE,0.4
2021-08-10,2,17.28,16.81,16.5,16.2,15.74,16.85,22.16,25.97,29.23,31.52,24938.4,1412.8,0,0,FALSE,0.4
2021-08-11,3,17.78,17.31,16.6,16.28,16.28,18.6,23.88,25.35,27.79,30.78,25620,1412.8,0,0,FALSE,0.04
2021-08-12,4,25.03,24.66,24.54,24.18,23.66,23.74,25.49,26.82,28.83,31.79,25261.2,1382.4,0,0,FALSE,0.04
2021-08-13,5,19.07,18.48,17.89,17.56,17.56,17.98,23.02,26.48,31.8,33.27,25082.4,1331.2,0,0,FALSE,0.02
2021-08-14,6,20.83,20.67,20.35,19.44,18.89,19.72,24.11,27.94,32.84,34.98,24285.6,1222.4,0,0,FALSE,0.01
2021-08-15,7,19.51,18.79,18.27,18.3,18.3,18.97,23.03,27.09,31.29,33.71,23244,1174.4,0,0,FALSE,0.01
2021-08-16,1,19.94,22.02,24.09,24.35,24.31,23.5,24.54,27.8,30.91,32.38,25988.4,1430.4,0,0,FALSE,0.04
2021-08-17,2,21.49,21.95,22,20.87,19.75,19.58,20.18,21.88,22.09,23.46,22621.2,1193.6,0,0,FALSE,0.04
2021-08-18,3,16.62,16.35,16.18,16.49,16.4,16.78,17.3,18.63,20.17,22.42,22023.2,1211.2,0,0,FALSE,0.04
2021-08-19,4,17.2,17.77,18.22,17.75,17.37,18.17,20.62,22.52,24.62,26.46,22649.6,1310.4,0,0,FALSE,0.04
2021-08-20,5,17.69,19.24,19.69,20.27,19.94,21.12,22.32,23.36,25.19,27.56,22718,1283.2,0,0,FALSE,0.24
2021-08-21,6,18.2,19.03,19.84,20.85,20.54,19.67,21.62,24.94,27.97,30.53,21694.8,1115.2,0,0,FALSE,0.1
2021-08-22,7,16,15.21,14.77,14.63,14.62,15.04,18.28,23.35,28.06,29.26,21601.6,1107.2,0,0,FALSE,0.1
2021-08-23,1,20.63,22.31,21.07,21.23,21.7,21.14,20.91,20.58,19.57,16,21717.6,1104,0,0,FALSE,0.4
2021-08-24,2,16.4,16.2,16.87,17.06,16.16,16.08,17.35,19.14,22.04,24.24,21902.4,1200,0,0,FALSE,0.4
2021-08-25,3,19.01,18.52,17.43,16.69,16.21,16.23,16.93,17.48,19.19,21.06,21101.2,1187.2,0,0,FALSE,0.4
2021-08-26,4,16.56,15.94,15.19,14.25,11.89,11.8,15.14,18.63,23.09,23.42,20879.6,1139.2,0,0,FALSE,0.4
2021-08-27,5,14.62,14.36,14.34,14.67,13.97,14.39,14.95,15.37,17.27,17.88,20423.6,1088,0,0,FALSE,0.24
2021-08-28,6,14.93,14.59,14.77,15.4,14.86,14.79,15.12,15.57,16.36,16.47,17997.6,828.8,0,0,FALSE,0.1
2021-08-29,7,14.56,14.2,13.64,13.8,13.97,14.02,14.35,16.05,18.1,19.84,17572.8,843.2,0,0,FALSE,0.1
2021-08-30,1,9.52,9.73,8.98,8.71,9.65,9.86,11.32,16.56,20.26,20.57,20584,1104,0,0,FALSE,0.4
2021-08-31,2,11.45,11.11,10.72,10.52,10.46,9.99,12.67,16.98,21.09,23.18,21368.8,1180.8,0,0,FALSE,0.4
2021-09-01,3,15.78,16.69,16.19,15.75,16.11,16.95,17.93,20.26,22.85,24.52,21726,1195.2,0,0,FALSE,1
2021-09-02,4,18.27,18.16,18.17,18.15,17.71,17.13,17.37,20.24,22.13,23.62,21477.2,1153.6,0,0,FALSE,1
2021-09-03,5,14.57,14.48,15,15.01,15.95,16.14,17.51,19.28,21.49,23.96,20790.4,1144,0,0,FALSE,0.6
2021-09-04,6,13.54,13.93,15.01,15.83,16.41,16.45,18.09,20.58,22.61,25.2,18648,907.2,0,0,FALSE,0.1
2021-09-05,7,16.9,16.33,16.12,16.36,16.16,15.64,16.99,19.34,22.16,23.99,18687.2,931.2,0,0,FALSE,0.1
2021-09-06,1,15.15,14.89,15.26,15.55,15.73,15.13,16.27,18.62,21.88,24.34,22042,1270.4,0,0,FALSE,1
2021-09-07,2,16.69,16.4,15.65,15.84,15.3,15.74,16.93,19.21,21.85,24.29,22160.4,1296,0,0,FALSE,1
2021-09-08,3,17.43,17.02,16.55,16.81,16.65,16.46,17.07,19.01,21.65,23.79,22145.6,1252.8,0,0,FALSE,1
2021-09-09,4,16.03,16.98,17.14,16.95,16.34,16.67,17.03,19.65,21.63,25.08,21833.6,1214.4,0,0,FALSE,1
2021-09-10,5,12.39,11.65,11.05,10.58,10.16,9.89,11.35,17.64,23.38,25.25,21566,1211.2,0,0,FALSE,0.6
2021-09-11,6,11.56,10.83,10.04,9.56,9.27,8.74,10.36,16.9,23.21,24.78,18948.8,948.8,0,0,FALSE,0.1
2021-09-12,7,16.19,16.13,16.34,15.5,15,15.77,17.67,20.9,23.96,26.27,19671.2,1024,0,0,FALSE,0.1
2021-09-13,1,14.78,16,16.43,16.22,17.03,17.09,18.84,22.92,26.2,28.65,22856,1297.6,0,0,FALSE,1
2021-09-14,2,14.74,15.43,14.74,13.45,13.03,13.1,14.32,19.66,26.05,28.48,22808,1308.8,0,0,FALSE,1
2021-09-15,3,13.53,13.25,12.72,12.44,12.33,12.08,13.47,19.51,24.76,26.18,22676,1294.4,0,0,FALSE,1
2021-09-16,4,16.92,20.21,21.02,21.1,20.77,20.76,20.97,22.29,23.39,23.82,22528.8,1233.6,0,0,FALSE,1
2021-09-17,5,18.17,18.46,17.91,18.36,19.29,16.26,15.76,16.05,16.81,18.3,21127.2,1108.8,0,0,FALSE,0.6
2021-09-18,6,15.54,15.59,15.5,15.46,14.9,15.84,16.17,16.94,18.75,20.62,18354.8,857.6,0,0,FALSE,0.1
2021-09-19,7,16.06,15.51,15.58,15.36,15.63,15.38,15.71,18.18,20.51,20.42,18004.4,844.8,0,0,FALSE,0.1
2021-09-20,1,13.37,14.14,14.81,14.68,14.68,14.12,13.86,15.23,16.47,16.02,20604,1129.6,0,0,FALSE,1
2021-09-21,2,13.3,13.1,13.24,12.61,12.49,12.52,12.42,14.77,15.91,17.38,20596.8,1100.8,0,0,FALSE,1
2021-09-22,3,13.33,13.2,12.72,12.67,12.54,12.31,13.27,14.13,17.81,19.79,20927.2,1128,0,0,FALSE,1
2021-09-23,4,14.19,14.32,14.49,13.44,12.85,11.5,11.23,14.47,18.1,20.51,20786.4,1124.8,0,0,FALSE,1
2021-09-24,5,12.32,13.21,13.37,13.64,13.71,13.62,13.96,15.52,17.98,19.36,20615.2,1084.8,0,0,FALSE,0.6
2021-09-25,6,11.52,12.52,13.41,13.83,14.08,14.43,14.71,16.5,19.82,21.75,18052.8,843.2,0,0,FALSE,0.1
2021-09-26,7,12.94,13.55,13.38,13.32,13.88,14.84,15.7,18.59,21.15,22.52,17978.8,835.2,0,0,FALSE,0.1
2021-09-27,1,16.82,17.13,17.3,17.25,17.42,17.48,17.43,17.96,18.61,19.75,21326.8,1164.8,0,0,FALSE,1
2021-09-28,2,15.69,15.68,15,14.79,13.96,12.82,12.75,16.93,22.16,25.42,21616.8,1184,0,0,FALSE,1
2021-09-29,3,13.6,14.48,16.22,16.6,16.19,16.37,16.26,18.03,20.83,24.53,21570.4,1188.8,0,0,FALSE,1
2021-09-30,4,15.32,15.63,15.61,15.66,15.28,15.66,15.7,16.59,17.82,18.44,20253.2,1104,0,0,FALSE,1
2022-06-01,3,14.91,14.92,14.91,14.57,14,17.91,21.59,22.66,24.52,25.63,19801.2,1164.8,0,0,FALSE,1
2022-06-02,4,14.96,14.53,14.27,13.72,13.61,17.93,20.9,24.83,27.03,28.3,17148.8,846.4,0,0,FALSE,0.1
2022-06-03,5,20.35,19.6,19.27,19.58,19.75,22.85,23.25,25.29,27.61,30.74,17617.2,1057.6,0,0,FALSE,0.6
2022-06-04,6,16.74,16.07,15.17,14.42,14.32,19.92,22.18,25.35,26.96,28.26,16333.6,824,0,0,FALSE,0.1
2022-06-05,7,16.78,16.39,16.1,16.1,16.58,20.59,24.56,27.49,28.71,31.02,16378.8,860.8,0,0,FALSE,0.1
2022-06-06,1,19.99,18.28,17.08,16.98,17.1,19.54,21.69,23.39,25.2,26.57,19784,1182.4,0,0,FALSE,1
2022-06-07,2,21.36,20.8,20.91,20.3,20.47,22.33,23.85,25.49,27.3,29.12,20062.8,1204.8,0,0,FALSE,1
2022-06-08,3,15.27,14.98,14.91,14.74,14.65,14.87,15.45,16.21,18.81,20.44,20159.2,1132.8,0,0,FALSE,1
2022-06-09,4,14.71,14.9,14.99,15.5,15.59,15.06,15.07,16.53,17.53,18.38,20375.6,1131.2,0,0,FALSE,1
2022-06-10,5,18.37,18.69,18.34,17.8,17.75,19.64,21.67,22.46,23.39,22.28,19709.2,1113.6,0,0,FALSE,0.6
2022-06-11,6,18.54,18.23,18.3,18.03,17.76,19.56,21.1,22.49,23.44,24.93,16359.6,833.6,0,0,FALSE,0.1
2022-06-12,7,15.21,16.38,16.04,15.91,16.43,20.5,22.53,24.71,26.72,28.4,16319.2,840,0,0,FALSE,0.1
2022-06-13,1,15.89,15.03,14.94,14.49,14.38,19.58,22.54,25.81,26.88,25.81,20341.2,1244.8,0,0,FALSE,1
2022-06-14,2,22.6,21.85,20.85,19.85,19.39,18.67,19.36,21.11,22.71,24.29,20150.4,1217.6,0,0,FALSE,1
2022-06-15,3,15.77,14.99,15.28,15.56,15.45,20.19,23.13,25.73,28.03,28.72,20241.6,1222.4,0,0,FALSE,1
2022-06-16,4,15.74,15.16,15.53,15.59,15.43,20.72,23.66,26.66,27.41,28.74,20842,1270.4,0,0,FALSE,1
2022-06-17,5,22.03,21.28,19.98,20.23,19.52,22.2,24.59,26.48,28.1,30.02,20546.4,1251.2,0,0,FALSE,0.6
2022-06-18,6,21.36,20.88,20.52,20.28,20.23,22.38,22.77,24.11,25.48,27.63,17498.8,881.6,0,0,FALSE,0.1
2022-06-19,7,17.89,17.23,16.74,16.53,17.79,23.3,24.87,27.68,29.18,29.24,17222,856,0,0,FALSE,0.1
2022-06-20,1,15.53,14.73,14.04,13.47,13.66,20.45,23.65,25.71,26.26,27.85,21078.8,1233.6,0,0,FALSE,1
2022-06-21,2,19.05,19.4,20.25,20.37,19.59,22.47,25.63,27.32,28.31,29.54,22562,1345.6,0,0,FALSE,1
2022-06-22,3,21.53,21.34,20.76,20.3,19.97,21.23,24.49,27.73,29.8,29.42,23518.4,1398.4,0,0,FALSE,1
2022-06-23,4,21.17,19.24,17.94,17.33,17.21,21.34,25.39,28.23,29.02,29.26,24025.2,1473.6,0,0,FALSE,1
2022-06-24,5,19.87,19.33,18.51,18.15,17.98,21.7,24.72,26.82,28.61,29.1,23054.4,1316.8,0,0,FALSE,0.6
2022-06-25,6,21.77,20.37,19.57,19.08,18.37,24.14,25.75,25.66,27.16,26.54,19147.6,942.4,0,0,FALSE,0.1
2022-06-26,7,16.81,16.05,15.97,15.82,16.04,21.93,25.44,27.88,28.45,29.47,19395.6,996.8,0,0,FALSE,0.1
2022-06-27,1,18.27,18.05,17.48,17.21,17.23,21.86,26.35,30.47,32.37,33.76,23658.8,1472,0,0,FALSE,1
2022-06-28,2,21.66,21.08,20.16,19.57,19.06,22.83,28.58,32,33.5,34.92,24622.8,1579.2,8,8.186,TRUE,1
2022-06-29,3,26.17,25.02,24.63,25.32,25.09,25.27,26.24,29.47,29.69,27.88,24157.6,1432,0,0,FALSE,1
2022-06-30,4,18.99,18.54,18.15,17.39,17.38,21.54,24.8,27.91,29.3,30.39,23630,1446.4,0,0,FALSE,1
2022-07-01,5,18.84,18.35,17.59,17.21,16.91,22.46,25.53,28.91,31.3,32.61,23362.8,1480,0,0,FALSE,0.42
2022-07-02,6,20.45,19.86,22.49,23.2,23.52,24.83,24.98,25.88,27.15,29.14,17988,961.6,0,0,FALSE,0.1
2022-07-03,7,23.33,22.99,22.73,22.14,22.32,25.08,26.14,27.67,29.56,32.09,17646,940.8,0,0,FALSE,0.1
2022-07-04,1,22.25,22.92,24.14,23.64,23.66,25.44,29.28,30.08,32.45,35.98,24073.6,1544,4,4.078,TRUE,0.7
2022-07-05,2,24.63,24.16,23.2,22.48,22.24,25.19,25.61,26.86,28.77,31.42,22682,1572.8,2,2.053,TRUE,0.7
2022-07-06,3,23.6,22.86,22.76,21.95,21.94,22.71,23.76,26.57,28.34,29.75,22633.2,1441.6,0,0,FALSE,0.7
2022-07-07,4,23.49,21.72,21.9,20.98,18.41,16.77,17.05,18,21.72,25.2,21616.8,1305.6,0,0,FALSE,0.7
2022-07-08,5,15.91,15.83,15.67,15.4,15.56,18.7,18.86,20.04,22.33,24.73,21293.6,1267.2,0,0,FALSE,0.42
2022-07-09,6,17.96,18.06,17.79,16.89,16.04,18.95,19.74,21.09,22.98,24.86,16825.2,830.4,0,0,FALSE,0.1
2022-07-10,7,15.01,14.09,13.9,14.94,15.95,17.05,19.42,23.74,25.1,25.47,16779.6,817.6,0,0,FALSE,0.1
2022-07-11,1,19.31,18.22,17.74,17.65,17.14,17.3,17.73,19.81,22.18,23.6,20824.8,1289.6,0,0,FALSE,0.7
2022-07-12,2,18.73,19.15,19.57,18.95,19.11,20.7,21.69,24.22,26.42,27.32,21062,1283.2,0,0,FALSE,0.7
2022-07-13,3,18.18,17.99,17.21,16.11,15.77,19.55,21.96,24.44,26.47,26.83,21942,1347.2,0,0,FALSE,0.7
2022-07-14,4,17.06,16.6,16.44,15.67,15.1,18.82,23.41,26.88,27.98,30.29,22314,1369.6,0,0,FALSE,0.7
2022-07-15,5,16.53,16.07,15.73,15.09,14.98,20.02,23.74,28.12,30,32.96,22204.8,1420.8,0,0,FALSE,0.42
2022-07-16,6,21.81,20.75,20.98,21.02,20.23,21.45,23.04,24.39,27.02,28.74,17625.2,900.8,0,0,FALSE,0.1
2022-07-17,7,23.64,22.88,21.84,21.15,21.47,22.32,22.63,23.65,25.04,26.88,17482.4,873.6,0,0,FALSE,0.1
2022-07-18,1,22.6,21.88,21.62,20.91,20.81,22.72,23.62,25.08,26.84,28.53,22994.4,1486.4,0,0,FALSE,0.7
2022-07-19,2,23.39,23.1,22.77,23.46,23.79,25.61,26.34,26.93,29.07,31.31,18604.8,1494.4,0,0,FALSE,0.7
2022-07-20,3,23.01,24.24,22.89,20.9,20.12,22.66,24.82,27.18,30.1,33.06,21324.4,1472,0,0,FALSE,0.7
2022-07-21,4,19.52,19.38,18.73,18.41,17.86,20.19,25.39,29.33,32.28,34.42,21764.8,1356.8,0,0,FALSE,0.7
2022-07-22,5,21.61,21.12,19.62,20.47,24.07,27.64,30.02,31.82,33.98,36.26,23276.8,1452.8,0,0,FALSE,0.42
2022-07-23,6,20.88,20.09,19.58,19.33,19.19,20.65,26.36,32.07,33.3,34.31,17706.8,870.4,0,0,FALSE,0.1
2022-07-24,7,23.77,23.92,25.46,25.69,25.57,24.87,25.74,27.86,28.97,31.04,17796.4,883.2,0,0,FALSE,0.1
2022-07-25,1,26.04,25.25,24.86,25.02,25.38,26.35,28.18,30.43,32.75,35.48,23711.2,1508.8,1,1.006,TRUE,0.7
2022-07-26,2,21.22,20.76,20.77,20.71,19.99,21.86,25.63,22.28,20.02,19.69,21467.2,1272,0,0,FALSE,0.7
2022-07-27,3,22.37,22.33,22.14,22.11,21.97,22.8,22.9,22.16,23.16,25.93,21304.4,1324.8,0,0,FALSE,0.7
2022-07-28,4,21.24,21.01,21.05,20.28,19.83,21.15,22.68,23.58,25.65,28.09,21744.4,1353.6,0,0,FALSE,0.7
2022-07-29,5,22.21,21.27,20.85,20.86,20.92,22.96,24.5,28.13,30.39,31.49,21668,1288,0,0,FALSE,0.42
2022-07-30,6,21.29,19.73,18.97,18.68,18.7,18.44,19.22,20.5,22.78,22.31,16707.6,798.4,0,0,FALSE,0.1
2022-07-31,7,16.76,16.09,15.24,15.08,15.3,17.49,21.51,25.13,27.74,29.15,16817.6,822.4,0,0,FALSE,0.1
2022-08-01,1,20.82,19.76,19.86,19.51,18.31,18.95,23.14,27.53,29.58,31.23,21816.8,1299.2,0,0,FALSE,0.4
2022-08-02,2,23.61,23.66,19.49,18.05,19.16,20.3,20.71,21.7,22.36,24.44,21136.8,1254.4,0,0,FALSE,0.4
2022-08-03,3,21.53,20.84,20.31,20.65,20.58,21.5,22.95,25.47,27.86,30.56,21979.2,1337.6,0,0,FALSE,0.4
2022-08-04,4,19.85,20.43,20.7,22.12,21.9,23.58,27.5,29.44,31.05,33.16,23359.6,1396.8,0,0,FALSE,0.4
2022-08-05,5,20.57,19.51,19.05,18.92,18.39,19.8,24.6,29.04,30.97,32.37,23282.4,1384,0,0,FALSE,0.24
2022-08-06,6,21.74,21.07,20.83,22.49,26.66,26.61,29.08,30.11,32.27,33.96,18931.6,948.8,0,0,FALSE,0.1
2022-08-07,7,24.26,23.84,23.27,22.44,21.96,22.17,23.04,24.16,24.98,26.04,17265.2,856,0,0,FALSE,0.1
2022-08-08,1,22.9,22.48,22.12,22.1,21.46,21.21,22.23,22.97,25.11,26.98,21381.6,1244.8,0,0,FALSE,0.4
2022-08-09,2,22.22,22.04,21.44,20.87,20.55,20.68,21.93,22.72,24.68,26.44,20600.4,1219.2,0,0,FALSE,0.4
2022-08-10,3,22.47,22.11,21.61,21.26,21.06,21.45,22.45,23.53,24.99,26.86,20809.6,1219.2,0,0,FALSE,0.4
2022-08-11,4,18.96,18.6,19.16,19.08,19.36,20.24,22.01,23.29,25.31,27.56,21095.6,1238.4,0,0,FALSE,0.04
2022-08-12,5,21.2,22.11,21.33,21.01,20.66,20.15,20.4,21.23,22.56,24.25,19398.8,1120,0,0,FALSE,0.02
2022-08-13,6,19.71,19.59,19.06,18.91,19.72,18.78,17.3,17.88,17.74,17.98,15327.2,699.2,0,0,FALSE,0.01
2022-08-14,7,15.55,14.44,13.19,12.51,12.2,13.31,18.86,22.66,24.48,25.74,15460,748.8,0,0,FALSE,0.01
2022-08-15,1,15.33,15.23,14.68,14.05,13.95,15.95,18.11,22.4,27.34,28.59,16719.2,875.2,0,0,FALSE,0.04
2022-08-16,2,20.97,21.14,19.78,18.4,17.98,17.51,17.75,19.04,21.47,26.82,17954,1056,0,0,FALSE,0.04
2022-08-17,3,17.95,17.32,16.93,16.52,15.87,16.46,20.82,24.29,26.92,27.48,18430,1060.8,0,0,FALSE,0.04
2022-08-18,4,20.98,20.17,19.34,18.63,18.26,18.9,22.73,26.58,29.11,30.46,19037.2,1062.4,0,0,FALSE,0.04
2022-08-19,5,21.25,21.15,20.05,18.38,17.68,17.32,17.42,20.16,22.71,25.37,18304.4,1057.6,0,0,FALSE,0.02
2022-08-20,6,17.09,16.81,16.4,16.65,16.12,18.01,21.6,24.11,24.59,27.91,15355.6,766.4,0,0,FALSE,0.1
2022-08-21,7,19.55,20.01,19.85,19.11,18.01,17.01,17.68,22.96,26.6,27.48,15486.800000000001,763.2,0,0,FALSE,0.1
2022-08-22,1,19.55,17.84,17.11,16.59,15.21,13.94,15.17,19.56,26.18,26.43,19301.6,1150.4,0,0,FALSE,0.4
2022-08-23,2,20.03,19.81,19.77,19.3,18.92,19.25,19.56,19.99,20.46,20.7,18944,1108.8,0,0,FALSE,0.4
2022-08-24,3,19.59,18.82,18.06,17.88,17.41,17.5,19.88,21.77,23.95,25.73,19212,1123.2,0,0,FALSE,0.4
2022-08-25,4,21.15,21.04,20.94,20.96,21.13,21.11,22.56,24.32,26.67,28.07,20412.8,1241.6,0,0,FALSE,0.4
2022-08-26,5,21.28,20.49,20.48,20.4,20.38,20.49,21.96,24.1,26.08,28.08,20419.6,1225.6,0,0,FALSE,0.24
2022-08-27,6,19.56,20.69,21.45,20.69,20.39,19.96,22.61,26.33,28.56,31.02,16048.4,788.8,0,0,FALSE,0.1
2022-08-28,7,19.97,19.61,20.01,19.52,18.37,18.97,20.62,20.8,23.98,26.11,15426,744,0,0,FALSE,0.1
2022-08-29,1,18,17.54,18.1,19.72,19.98,20.5,21.27,22.93,25.58,28.52,19986,1220.8,0,0,FALSE,0.4
2022-08-30,2,21.16,20.2,20.22,20.32,20.15,19.67,21.64,24.32,26.66,28.21,20339.2,1233.6,0,0,FALSE,0.4
2022-08-31,3,19.95,19.6,19.99,21.38,21.17,19,18.89,20.74,21.95,21.8,19864.4,1145.6,0,0,FALSE,0.4
2022-09-01,4,18.75,18.4,17.84,15.88,14.96,15.82,16.18,16.94,18.28,18.82,18954.4,1089.6,0,0,FALSE,1
2022-09-02,5,17.55,17.34,16.84,16.59,16.49,16.26,17.09,18.39,20.05,21.77,18985.2,1108.8,0,0,FALSE,0.6
2022-09-03,6,14.78,16.81,16.6,15.89,14.96,NA,NA,NA,NA,NA,14940,720,0,0,FALSE,0.1
2022-09-04,7,14.68,14.42,14.99,15.82,15.54,14.44,16.43,19.51,23.9,25.55,14720.4,692.8,0,0,FALSE,0.1
2022-09-05,1,18.79,17.35,17.34,16.99,16.35,15.17,16.86,21.62,26.37,28.77,19098.4,1256,0,0,FALSE,1
2022-09-06,2,14.79,14.48,13.86,13.47,13.32,13.07,14.91,20.55,25.8,27.34,19144.8,1209.6,0,0,FALSE,1
2022-09-07,3,15.94,15.86,15.74,15.67,15.33,16.2,18.22,23.19,24.12,23.49,19219.6,1190.4,0,0,FALSE,1
2022-09-08,4,15.69,15.18,15.69,15.99,15.04,15.96,19.68,21.28,22.68,24.29,18394.8,1232,0,0,FALSE,1
2022-09-09,5,18.17,17.82,17.66,18.95,18.2,17.95,18.66,21.92,23.56,25.82,17898,1182.4,0,0,FALSE,0.6
2022-09-10,6,15.89,16.41,16.91,16.97,16.91,17.65,17.72,19.73,21.02,22.23,14081.2,659.2,0,0,FALSE,0.1
2022-09-11,7,17.6,17.17,17.09,16.47,16.43,17.18,16.91,19.09,22.34,24.71,13756.8,640,0,0,FALSE,0.1
2022-09-12,1,15.85,16.06,17.33,16.75,14.67,14.05,15.18,17.1,22.08,25.59,17801.6,1155.2,0,0,FALSE,1
2022-09-13,2,12.03,11.58,10.9,10.82,10.82,10.66,11.85,17.59,21.98,24.11,18452,1147.2,0,0,FALSE,1
2022-09-14,3,15.99,16.42,17.66,18.45,18.71,19.03,19.23,20.93,22.97,23.67,19144,1219.2,0,0,FALSE,1
2022-09-15,4,22.39,22.33,22.01,21.72,21.6,21.98,22.1,22.15,22.88,22.79,19635.6,1227.2,0,0,FALSE,1
